<Configuration ID="ab7656bb-909b-41fd-a74e-3dc28458083e">
  <Info Description="Office 2019" />
  <Add OfficeClientEdition="64" Channel="PerpetualVL2019"  AllowCdnFallback="TRUE" ForceUpgrade="TRUE">
    <Product ID="Standard2019Volume" PIDKEY="G742N-9JRFM-QVW6X-XJXDJ-D9P7B">
      <Language ID="en-us" />
      <ExcludeApp ID="Groove" />
      <ExcludeApp ID="OneDrive" />
      <ExcludeApp ID="OneNote" />
	  <ExcludeApp ID="Outlook" />
    </Product>
  </Add>
  <Property Name="SharedComputerLicensing" Value="0" />
  <Property Name="PinIconsToTaskbar" Value="FALSE" />
  <Property Name="SCLCacheOverride" Value="0" />
  <Property Name="AUTOACTIVATE" Value="TRUE" />
  <Property Name="FORCEAPPSHUTDOWN" Value="FALSE" />
  <Updates Enabled="TRUE" />
  <AppSettings>
    <Setup Name="Company" Value="Carroll County Public Library" />
  </AppSettings>
  <Display Level="Full" AcceptEULA="TRUE" />
</Configuration>